$firstName,$lastName,$fatherName,$idNumber,$staffdesignation
Nidhish,Nirmohi,Oha,SRKSTAFF001,5725546924192838361
Nigam,Nirupam,Ohas,SRKSTAFF002,5725546924192838361
Nihal,Nirvan,Ojas,SRKSTAFF003,5725546924192838361
Nihar,Nischal,Om,SRKSTAFF004,5725546924192838361
Niket,Nischith,Omanand,SRKSTAFF005,5725546924192838361
Nikhat,Nishad,Omar,SRKSTAFF006,5725546924192838361
Nikhil,Nishanath,Omja,SRKSTAFF007,5725546924192838361
Nikhilesh,Nishant,Omkar,SRKSTAFF008,5725546924192838361
Nikunj,Nishesh,Omprakash,SRKSTAFF009,5725546924192838361
Nikunja,Nishikanta,Omrao Umrao ,SRKSTAFF010,5725546924192838361
Nilay,Nishit,Omswaroop,SRKSTAFF011,5725546924192838361
Nilesh,Nishita,Oojam,SRKSTAFF012,5725546924192838361
Nimai,Nishith,Oorjit,SRKSTAFF013,5725546924192838361
Nimish,Nishkama,Oppilmani,SRKSTAFF014,5725546924192838361
Ninad,Nishok,Ori,SRKSTAFF015,5725546924192838361
Nipun,Nissim,OsmanUsman ,SRKSTAFF016,5725546924192838361
Niraj,Nithik,Oviyan,SRKSTAFF017,5725546924221743834
Nirad,Niteesh,Ottakoothan,SRKSTAFF018,5725546924221743834
Nirajit,Nithilan,Paavan,SRKSTAFF019,5725546924221743834
Niral,Nitin,Pachai,SRKSTAFF020,5725546924221743834
Niramay,Nitish,Pachaimani,SRKSTAFF021,5725546924221743834
Niramitra,Nityagopal,Pachaimuthu,SRKSTAFF022,5725546924221743834
Niranjan,Nityanand,Padman,SRKSTAFF023,5725546924221743834
Nirav,Nityananda,Padmanabh,SRKSTAFF024,5725546924221743834
Nirbhay,Nityasundar,Padmanabha,SRKSTAFF025,5725546924221743834
Nirijhar,Nivrutti,Padmapati,SRKSTAFF026,5725546924221743834
Nirmal,Niyath,Palak,SRKSTAFF027,5725546924221743834
Nirmalya,Nripa,Palani,SRKSTAFF028,5725546924221743834
Nirmanyu,Nripendra,Palaniappan,SRKSTAFF029,5725546924245553883
Nirmit,Nripesh,Palanikumar,SRKSTAFF030,5725546924245553883
